"RK",TIERS,"PLAYER NAME",TEAM,"POS","BYE WEEK","SOS SEASON","ECR VS. ADP"
"1",1,"Jordyn Brooks",MIA,"LB1","6","-","-"
"2",1,"Jack Campbell",DET,"LB2","6","-","-"
"3",1,"Carson Schwesinger",CLE,"LB3","11","-","-"
"4",1,"Roquan Smith",BAL,"LB4","13","-","-"
"5",1,"Blake Cashman",MIN,"LB5","6","-","-"
"6",1,"Ernest Jones IV",SEA,"LB6","11","-","-"
"7",1,"Fred Warner",SF,"LB7","8","-","-"
"8",1,"Foyesade Oluokun",JAC,"LB8","7","-","-"
"9",2,"Myles Garrett",LAR,"DE1","11","-","-"
"10",2,"Jamien Sherwood",NYJ,"LB9","13","-","-"
"11",2,"Nate Landman",LAR,"LB10","11","-","-"
"12",2,"Nick Bolton",KC,"LB11","5","-","-"
"13",2,"Cedric Gray",TEN,"LB12","9","-","-"
"14",2,"Zack Baun",PHI,"LB13","10","-","-"
"15",2,"Aidan Hutchinson",DET,"DE2","6","-","-"
"16",2,"Quay Walker",LV,"LB14","13","-","-"
"17",2,"Will Anderson Jr.",HOU,"DE3","8","-","-"
"18",2,"Tremaine Edmunds",NYG,"LB15","8","-","-"
"19",2,"Alex Singleton",DEN,"LB16","10","-","-"
"20",3,"Kyle Hamilton",BAL,"S1","13","-","-"
"21",3,"Maxx Crosby",LV,"DE4","13","-","-"
"22",3,"Derwin James Jr.",LAC,"S2","7","-","-"
"23",3,"Zaire Franklin",GB,"LB17","11","-","-"
"24",3,"Edgerrin Cooper",GB,"LB18","11","-","-"
"25",3,"Nick Cross",WAS,"S3","7","-","-"
"26",3,"Sonny Styles",WAS,"LB19","7","-","-"
"",3
"27",3,"Kaden Elliss",NO,"LB20","8","-","-"
"28",3,"Nick Emmanwori",SEA,"S4","11","-","-"
"29",3,"Tykee Smith",TB,"S5","10","-","-"
"30",3,"Robert Spillane",NE,"LB21","11","-","-"
"31",3,"CJ Allen",IND,"LB22","13","-","-"
"32",3,"Budda Baker",ARI,"S6","14","-","-"
"33",3,"Devin Bush Jr.",CHI,"LB23","10","-","-"
"34",3,"Devin Lloyd",CAR,"LB24","5","-","-"
"35",3,"Daiyan Henley",LAC,"LB25","7","-","-"
"36",3,"Azeez Al-Shaair",HOU,"LB26","8","-","-"
"37",3,"Jessie Bates III",ATL,"S7","11","-","-"
"38",3,"T.J. Edwards",CHI,"LB27","10","-","-"
"39",3,"Kam Curl",LAR,"S8","11","-","-"
"40",4,"Nick Bosa",SF,"DE5","8","-","-"
"41",4,"Jeremy Chinn",LV,"S9","13","-","-"
"42",4,"Patrick Queen",PIT,"LB28","9","-","-"
"43",4,"Nakobe Dean",LV,"LB29","13","-","-"
"44",4,"Tre'von Moehrig",CAR,"S10","5","-","-"
"45",4,"Terrel Bernard",BUF,"LB30","7","-","-"
"46",4,"Quincy Williams",CLE,"LB31","11","-","-"
"47",4,"Barrett Carter",CIN,"LB32","6","-","-"
"48",4,"Talanoa Hufanga",DEN,"S11","10","-","-"
"49",4,"Alex Anzalone",TB,"LB33","10","-","-"
"50",4,"Demario Davis",NYJ,"LB34","13","-","-"
"51",4,"Divine Deablo",ATL,"LB35","11","-","-"
"52",4,"Jordan Battle",CIN,"S12","6","-","-"
"53",4,"Kevin Byard III",NE,"S13","11","-","-"
"54",4,"Tyrel Dodson",FA,"LB36","-","-","-"
"55",4,"Xavier McKinney",GB,"S14","11","-","-"
"56",4,"Chamarri Conner",KC,"S15","5","-","-"
"57",4,"Mack Wilson Sr.",ARI,"LB37","14","-","-"
"58",4,"Antoine Winfield Jr.",TB,"S16","10","-","-"
"59",4,"Quentin Lake",LAR,"S17","11","-","-"
"60",5,"Xavier Watts",ATL,"S18","11","-","-"
"61",5,"Danielle Hunter",HOU,"DE6","8","-","-"
"62",5,"Eric Wilson",MIN,"LB38","6","-","-"
"63",5,"DeMarvion Overshown",DAL,"LB39","14","-","-"
"64",5,"Drue Tranquill",KC,"LB40","5","-","-"
"65",5,"Brian Burns",NYG,"DE7","8","-","-"
"66",5,"DeShon Elliott",PIT,"S19","9","-","-"
"67",5,"Jalen Pitre",HOU,"S20","8","-","-"
"68",5,"Jeffery Simmons",TEN,"DT1","9","-","-"
"69",5,"Cody Simon",ARI,"LB41","14","-","-"
"70",5,"Frankie Luvu",WAS,"LB42","7","-","-"
"71",5,"Andrew Van Ginkel",MIN,"LB43","6","-","-"
"72",5,"Payton Wilson",PIT,"LB44","9","-","-"
"73",5,"T.J. Watt",PIT,"LB45","9","-","-"
"74",5,"Dee Winters",DAL,"LB46","14","-","-"
"75",5,"Brian Branch",DET,"S21","6","-","-"
"76",5,"Cooper DeJean",PHI,"CB1","10","-","-"
"77",5,"Byron Young",LAR,"DE8","11","-","-"
"78",5,"Drake Thomas",SEA,"LB47","11","-","-"
"79",5,"Demetrius Knight Jr.",CIN,"LB48","6","-","-"
"80",5,"Jihaad Campbell",PHI,"LB49","10","-","-"
"81",5,"Julian Love",SEA,"S22","11","-","-"
"82",5,"Laiatu Latu",IND,"DE9","13","-","-"
"83",5,"Henry To'oTo'o",HOU,"LB50","8","-","-"
"84",5,"Nik Bonitto",DEN,"DE10","10","-","-"
"85",5,"Tuli Tuipulotu",LAC,"DE11","7","-","-"
"86",5,"Akeem Davis-Gaither",IND,"LB51","13","-","-"
"87",5,"Josh Hines-Allen",JAC,"DE12","7","-","-"
"88",6,"Alex Highsmith",PIT,"LB52","9","-","-"
"89",6,"Jared Verse",CLE,"DE13","11","-","-"
"90",6,"Jaquan Brisker",PIT,"S23","9","-","-"
"",6
"91",6,"Paulson Adebo",NYG,"CB2","8","-","-"
"92",6,"Caleb Downs",DAL,"S24","14","-","-"
"93",6,"AJ Haulcy",IND,"S25","13","-","-"
"94",6,"Arvell Reese",NYG,"LB53","8","-","-"
"95",6,"Dillon Thieneman",CHI,"S26","10","-","-"
"96",6,"Ventrell Miller",JAC,"LB54","7","-","-"
"97",6,"Kevin Winston Jr.",TEN,"S27","9","-","-"
"98",6,"Devon Witherspoon",SEA,"CB3","11","-","-"
"99",6,"Joshua Metellus",MIN,"S28","6","-","-"
"100",6,"Montez Sweat",CHI,"DE14","10","-","-"
"101",6,"Jaelan Phillips",CAR,"DE15","5","-","-"
"102",6,"Trey Hendrickson",BAL,"DE16","13","-","-"
"103",6,"Dallas Turner",MIN,"DE17","6","-","-"
"104",6,"DeForest Buckner",IND,"DT2","13","-","-"
"105",6,"Pete Werner",NO,"LB55","8","-","-"
"106",6,"Kamari Lassiter",HOU,"CB4","8","-","-"
"107",6,"George Karlaftis III",KC,"DE18","5","-","-"
"108",6,"Anthony Hill Jr.",TEN,"LB56","9","-","-"
"109",6,"Christian Elliss",NE,"LB57","11","-","-"
"110",6,"Chase Young",NO,"DE19","8","-","-"
"111",6,"Dre Greenlaw",SF,"LB58","8","-","-"
"112",6,"Brandon Jones",DEN,"S29","10","-","-"
"113",6,"Leonard Williams",SEA,"DT3","11","-","-"
"114",6,"Greg Rousseau",BUF,"DE20","7","-","-"
"115",6,"Abdul Carter",NYG,"DE21","8","-","-"
"116",6,"Josiah Trotter",TB,"LB59","10","-","-"
"117",7,"Trevin Wallace",FA,"LB60","-","-","-"
"118",7,"Cody Barton",TEN,"LB61","9","-","-"
"119",7,"Malik Mustapha",SF,"S30","8","-","-"
"120",7,"Tyler Nubin",NYG,"S31","8","-","-"
"121",7,"Alontae Taylor",TEN,"CB5","9","-","-"
"122",7,"Jacob Rodriguez",MIA,"LB62","6","-","-"
"123",7,"Cole Bishop",BUF,"S32","7","-","-"
"124",7,"Cam Bynum",IND,"S33","13","-","-"
"125",7,"Cameron Heyward",PIT,"DT4","9","-","-"
"126",7,"Dee Alford",BUF,"CB6","7","-","-"
"127",7,"Derrick Brown",CAR,"DT5","5","-","-"
"128",7,"Jonathan Greenard",PHI,"DE22","10","-","-"
"129",7,"Dru Phillips",NYG,"CB7","8","-","-"
"130",7,"Upton Stout",SF,"CB8","8","-","-"
"131",7,"Yaya Diaby",TB,"DE23","10","-","-"
"132",7,"SirVocea Dennis",TB,"LB63","10","-","-"
"133",7,"Malcolm Rodriguez",DET,"LB64","6","-","-"
"134",7,"Andrew Wingard",ARI,"S34","14","-","-"
"135",7,"Shemar James",DAL,"LB65","14","-","-"
"136",7,"Austin Booker",CHI,"LB66","10","-","-"
"137",7,"Jalen Thompson",DAL,"S35","14","-","-"
"138",7,"Grant Delpit",CLE,"S36","11","-","-"
"139",7,"Ja'Quan McMillian",DEN,"CB9","10","-","-"
"140",7,"Tatum Bethune",SF,"LB67","8","-","-"
"141",7,"Teddye Buchanan",BAL,"LB68","13","-","-"
"142",7,"Derrick Barnes",DET,"LB69","6","-","-"
"143",7,"Christian Harris",ATL,"LB70","11","-","-"
"144",7,"Travon Walker",JAC,"DE24","7","-","-"
"145",8,"Micah Parsons",GB,"LB71","11","-","-"
"146",8,"Harold Landry III",NE,"LB72","11","-","-"
"147",8,"Bradley Chubb",BUF,"LB73","7","-","-"
"148",8,"Josh Sweat",ARI,"DE25","14","-","-"
"149",8,"David Bailey",NYJ,"DE26","13","-","-"
"150",8,"DeMarcus Lawrence",SEA,"DE27","11","-","-"
"151",8,"Rueben Bain Jr.",TB,"DE28","10","-","-"
"152",8,"Zach Allen",DEN,"DE29","10","-","-"
"153",8,"Zach Sieler",MIA,"DT6","6","-","-"
"154",8,"Carl Granderson",NO,"DE30","8","-","-"
"155",8,"Leo Chenal",WAS,"LB74","7","-","-"
"156",8,"Odafe Oweh",WAS,"DE31","7","-","-"
"157",8,"Dexter Lawrence II",CIN,"DT7","6","-","-"
"158",8,"Boye Mafe",CIN,"DE32","6","-","-"
"159",8,"Kaleb Elarms-Orr",BUF,"LB75","7","-","-"
"160",8,"Walter Nolen III",ARI,"DT8","14","-","-"
"161",8,"Chop Robinson",MIA,"DE33","6","-","-"
"162",8,"James Pearce Jr.",ATL,"DE34","11","-","-"
"163",8,"Nick Herbig",PIT,"LB76","9","-","-"
"164",8,"Byron Murphy II",SEA,"DT9","11","-","-"
"165",9,"Bryce Boettcher",IND,"LB77","13","-","-"
"166",9,"Khalil Mack",LAC,"LB78","7","-","-"
"167",9,"Jalen Redmond",MIN,"DE35","6","-","-"
"168",9,"Devin White",DET,"LB79","6","-","-"
"169",9,"Rashan Gary",DAL,"LB80","14","-","-"
"170",9,"Christian Rozeboom",TB,"LB81","10","-","-"
"171",9,"Donovan Ezeiruaku",DAL,"DE36","14","-","-"
"172",9,"Jake Golday",MIN,"LB82","6","-","-"
"173",9,"Nnamdi Madubuike",BAL,"DT10","13","-","-"
"174",9,"Myles Murphy",CIN,"DE37","6","-","-"