"Player","Team","REC","YDS","TDS","ATT","YDS","TDS","FL","FPTS"
" ","","",""
"Puka Nacua","LAR","117.0","1539.0","9.0","12.9","85.0","1.3","1.0","281.0"
"Ja'Marr Chase","CIN","121.2","1511.6","10.6","3.0","17.0","0.0","1.0","275.3"
"Jaxon Smith-Njigba","SEA","110.9","1567.9","9.5","5.5","30.4","0.1","1.1","270.5"
"Amon-Ra St. Brown","DET","117.4","1391.1","10.5","3.1","11.8","0.0","0.4","261.3"
"Drake London","ATL","98.4","1272.9","8.8","0.0","0.0","0.0","1.0","227.1"
"CeeDee Lamb","DAL","97.5","1295.1","7.5","2.4","12.6","0.0","0.3","224.2"
"Justin Jefferson","MIN","99.2","1309.8","7.1","1.3","5.6","0.0","0.3","223.5"
"Rashee Rice","KC","96.5","1069.5","9.6","5.4","25.6","0.9","0.6","219.2"
"Chris Olave","NO","95.8","1195.3","7.9","0.3","0.0","0.0","0.3","214.0"
"A.J. Brown","NE","87.6","1232.6","7.7","0.0","0.0","0.0","0.3","212.6"
"George Pickens","DAL","82.5","1199.8","8.4","0.3","0.0","0.0","0.4","210.7"
"Nico Collins","HOU","82.6","1204.4","7.3","1.4","8.3","0.4","0.8","206.6"
"Zay Flowers","BAL","81.2","1157.0","6.5","9.9","58.8","0.5","1.5","201.1"
"Malik Nabers","NYG","82.2","1081.8","8.4","2.8","8.3","0.1","0.4","200.2"
"Garrett Wilson","NYJ","96.4","1094.8","6.4","1.1","4.3","0.0","1.0","194.7"
"Tetairoa McMillan","CAR","81.1","1145.8","6.6","0.0","0.0","0.0","0.9","193.1"
"DeVonta Smith","PHI","87.8","1134.4","6.0","0.0","0.0","0.0","0.3","192.8"
"Emeka Egbuka","TB","73.2","1097.2","7.5","1.4","7.3","0.0","0.3","191.6"
"Davante Adams","LAR","68.9","924.8","10.2","0.0","0.0","0.0","0.2","187.8"
"Tee Higgins","CIN","70.7","965.5","9.1","0.0","0.0","0.0","0.2","186.3"
"Jameson Williams","DET","64.4","1065.5","6.6","7.3","42.0","0.5","0.2","185.1"
"Ladd McConkey","LAC","79.2","1009.7","6.8","0.0","0.0","0.0","0.3","180.6"
"Terry McLaurin","WAS","68.7","971.4","7.4","0.3","0.3","0.0","0.3","175.0"
"Rome Odunze","CHI","62.6","964.9","7.8","0.3","1.3","0.0","0.3","174.1"
"DJ Moore","BUF","69.4","904.9","7.0","10.3","54.0","0.5","0.8","173.8"
"Jaylen Waddle","DEN","74.2","991.3","6.0","1.7","12.4","0.0","0.3","173.0"
"Luther Burden III","CHI","72.9","974.5","5.7","7.7","37.9","0.1","0.3","171.9"
"Mike Evans","SF","67.1","941.4","6.9","0.0","0.0","0.0","0.2","168.8"
"Christian Watson","GB","57.6","918.8","7.4","1.7","8.7","0.0","0.3","165.5"
"Marvin Harrison Jr.","ARI","67.2","959.9","6.0","0.0","0.0","0.0","0.3","165.1"
"Courtland Sutton","DEN","67.4","884.1","7.2","0.0","0.0","0.0","0.2","164.8"
"Alec Pierce","IND","56.4","977.1","6.4","0.0","0.0","0.0","0.3","164.0"
"DK Metcalf","PIT","64.3","926.7","6.1","0.7","3.3","0.3","0.2","163.0"
"Parker Washington","JAC","62.6","862.8","5.7","5.0","13.7","0.1","0.4","153.1"
"Brian Thomas Jr.","JAC","58.0","871.2","5.4","2.7","17.7","0.4","0.2","152.1"
"Michael Pittman Jr.","PIT","80.5","805.9","5.0","0.0","0.0","0.0","0.3","150.0"
"Carnell Tate","TEN","65.2","887.4","4.5","0.7","3.0","0.0","1.4","145.8"
"Jayden Reed","GB","62.8","749.2","4.8","12.7","93.7","0.2","0.4","144.6"
"Jakobi Meyers","JAC","68.3","787.3","5.1","4.3","22.7","0.1","0.8","144.6"
"Michael Wilson","ARI","67.5","839.0","4.5","0.0","0.7","0.0","0.2","144.1"
"Quentin Johnston","LAC","53.6","756.9","6.9","1.7","5.9","0.0","0.7","143.1"
"Chris Godwin Jr.","TB","67.8","773.4","5.2","0.3","0.3","0.0","0.3","141.8"
"Jordan Addison","MIN","55.3","757.7","5.4","2.7","37.2","0.4","0.2","141.4"
"Xavier Worthy","KC","55.2","722.1","4.2","15.5","99.4","0.9","0.2","139.8"
"Wan'Dale Robinson","TEN","79.9","805.4","3.0","2.0","9.5","0.1","0.3","139.1"
"KC Concepcion","CLE","64.8","808.1","4.1","4.2","22.5","0.1","1.3","137.8"
"De'Zhaun Stribling","SF","55.4","821.1","4.9","1.5","6.5","0.0","1.3","137.1"
"Romeo Doubs","NE","57.1","745.1","5.5","0.0","0.0","0.0","0.3","135.3"
"Deebo Samuel Sr.","SF","56.1","631.8","4.3","29.1","111.6","1.1","0.4","134.1"
"Matthew Golden","GB","55.9","750.8","4.6","6.2","30.3","0.1","0.4","133.2"
"Stefon Diggs","WAS","67.0","746.5","4.1","0.3","0.7","0.0","0.2","132.6"
"Rashid Shaheed","SEA","49.9","754.2","3.8","13.4","88.9","0.3","0.8","131.7"
"Khalil Shakir","BUF","69.7","726.1","3.9","1.1","5.5","0.0","0.8","130.1"
"Josh Downs","IND","68.7","704.5","4.2","1.4","4.2","0.0","0.8","129.3"
"Jalen Coker","CAR","60.6","717.3","4.5","0.0","0.0","0.0","0.8","127.4"
"Denzel Boston","CLE","62.2","769.1","3.5","1.0","5.0","0.0","1.3","126.8"
"Jerry Jeudy","CLE","59.0","774.9","3.4","0.5","2.0","0.0","0.7","125.9"
"Calvin Ridley","TEN","46.7","762.3","3.2","4.5","27.5","0.6","0.2","124.8"
"Makai Lemon","PHI","52.7","738.0","4.4","1.5","6.5","0.0","1.3","124.4"
"Tre Tucker","LV","50.2","631.1","3.8","11.2","54.6","0.2","0.1","116.9"
"Rashod Bateman","BAL","38.8","598.2","6.0","0.0","0.0","0.0","0.2","114.8"
"Kayshon Boutte","HOU","45.1","624.7","4.8","0.0","0.0","0.0","0.2","113.4"
"Keenan Allen","IND","58.4","606.8","3.9","0.0","0.0","0.0","0.3","112.4"
"Ja'Kobi Lane","BAL","39.2","592.1","5.4","1.5","8.5","0.0","0.7","110.7"
"Jalen McMillan","TB","46.6","606.6","3.9","4.7","26.8","0.1","0.2","110.4"
"Jauan Jennings","MIN","48.9","557.2","5.2","0.0","0.0","0.0","0.7","109.8"
"Jalen Nailor","LV","43.7","587.2","4.0","2.0","9.0","0.0","0.2","105.3"
"Devaughn Vele","NO","47.3","567.2","3.7","0.0","0.0","0.0","0.2","102.0"
"Cooper Kupp","SEA","47.4","583.8","3.4","0.5","1.5","0.0","0.7","101.4"
"Jaylin Noel","HOU","45.3","514.5","3.6","5.1","17.6","0.1","0.3","97.2"
"Adonai Mitchell","NYJ","40.0","550.8","3.3","2.1","5.1","0.1","0.7","94.3"
"Jordyn Tyson","NO","38.8","540.1","2.9","1.0","4.0","0.0","0.7","89.5"
"Malik Washington","MIA","45.2","410.5","2.3","13.5","80.9","0.7","0.8","88.5"
"Germie Bernard","PIT","41.2","507.6","2.9","2.1","10.8","0.0","0.7","88.5"
"Chris Bell","MIA","40.6","515.8","2.8","1.0","5.5","0.0","0.7","88.0"
"Antonio Williams","WAS","35.5","496.0","3.1","3.5","18.7","0.1","1.2","86.3"
"Caleb Douglas","MIA","39.2","507.2","2.5","1.0","5.5","0.0","0.7","84.7"
"Omar Cooper Jr.","NYJ","38.4","457.7","3.1","2.1","12.5","0.1","0.7","83.9"
"Travis Hunter","JAC","38.1","451.6","3.1","2.0","10.8","0.1","0.4","83.2"
"Xavier Hutchinson","HOU","38.7","470.4","2.5","2.1","14.2","0.0","0.2","82.8"
"Dontayvion Wicks","PHI","38.7","458.2","3.0","0.5","2.5","0.0","0.2","82.7"
"Tyquan Thornton","KC","25.4","466.5","3.5","0.0","0.0","0.0","0.1","80.0"
"Tory Horton","SEA","30.3","400.5","4.2","0.5","3.0","0.0","0.6","79.2"
"Darius Slayton","NYG","35.1","502.5","1.9","1.6","8.6","0.0","0.7","79.0"
"Troy Franklin","DEN","36.5","402.6","3.4","3.0","10.8","0.0","0.6","79.0"
"Xavier Legette","CAR","35.7","416.9","2.6","2.1","10.9","0.1","0.4","75.8"
"Jahan Dotson","ATL","35.2","443.3","2.3","0.0","0.0","0.0","0.3","74.9"
"Tre' Harris","LAC","34.5","410.5","2.5","0.0","0.0","0.0","0.4","72.5"
"Isaac TeSlaa","DET","25.4","352.4","4.1","0.0","0.0","0.0","0.1","72.4"
"Ryan Flournoy","DAL","33.8","382.9","2.7","2.2","12.4","0.1","0.4","72.3"
"Bryce Lance","NO","34.1","451.4","1.9","1.0","5.0","0.0","1.1","72.2"
"Jalen Tolbert","MIA","35.4","442.7","1.7","0.0","0.0","0.0","0.3","71.7"
"Andrei Iosivas","CIN","29.5","373.0","2.7","2.5","11.0","0.0","0.1","69.6"
"Malachi Fields","NYG","32.5","405.4","2.2","0.0","0.0","0.0","0.3","69.2"
"Ted Hurst III","TB","28.9","389.8","2.6","1.0","6.5","0.0","0.6","68.2"
"Hollywood Brown","PHI","28.2","349.3","3.0","0.0","0.0","0.0","0.1","67.0"
"Malik Benson","LV","33.2","396.7","1.9","1.0","4.0","0.0","0.6","66.8"
"Elic Ayomanor","TEN","25.4","342.7","3.3","0.0","0.0","0.0","0.0","66.7"
"DeMario Douglas","NE","30.2","365.6","2.0","4.1","21.5","0.2","0.4","66.3"
"Chimere Dike","TEN","27.8","271.6","3.4","10.1","33.6","0.3","0.6","65.3"
"Zachariah Branch","ATL","31.4","381.7","1.9","0.0","0.0","0.0","0.3","64.6"
"Keon Coleman","BUF","24.4","337.9","2.8","0.0","0.0","0.0","0.2","62.5"
"Tank Dell","HOU","25.0","319.0","2.0","6.0","26.5","0.0","0.0","59.1"
"Joshua Palmer","BUF","26.9","355.2","1.7","0.0","0.0","0.0","0.1","59.0"
"Pat Bryant","DEN","28.4","320.2","2.1","0.0","0.0","0.0","0.3","58.3"
"Christian Kirk","SF","27.5","315.5","2.0","0.0","0.0","0.0","0.0","57.3"
"Ashton Dulin","IND","17.5","338.2","1.3","5.1","46.2","0.1","0.1","55.3"
"Marvin Mims Jr.","DEN","24.1","272.9","1.6","8.2","45.1","0.3","0.4","54.7"
"KaVontae Turpin","DAL","18.1","229.4","1.7","17.8","103.0","0.4","0.4","54.5"
"Kevin Coleman Jr.","MIA","27.1","352.4","0.9","0.0","0.0","0.0","0.3","53.4"
"Zavion Thomas","CHI","23.3","305.0","2.1","1.5","6.5","0.0","1.1","53.3"
"Darnell Mooney","NYG","21.5","308.3","1.7","2.2","11.9","0.1","0.2","52.8"
"Jack Bech","LV","27.7","315.0","1.2","0.0","0.0","0.0","0.3","51.9"
"Jahdae Walker","CHI","17.6","232.8","2.7","0.5","3.5","0.0","0.0","48.4"
"Demarcus Robinson","SF","19.3","272.9","1.8","0.5","2.5","0.0","0.0","47.9"
"Mack Hollins","NE","21.5","257.9","1.6","0.0","0.0","0.0","0.2","45.8"
"Cyrus Allen","KC","19.4","245.1","1.5","0.0","0.0","0.0","0.2","43.0"
"Kyle Williams","NE","16.1","232.4","1.4","4.1","22.4","0.2","0.2","42.7"
"Luke McCaffrey","WAS","14.4","220.6","2.3","0.0","0.0","0.0","0.0","42.7"
"Kendrick Bourne","ARI","22.8","239.1","0.7","0.0","0.0","0.0","0.2","38.8"
"Dyami Brown","WAS","15.9","216.7","1.6","0.0","0.0","0.0","0.2","38.7"
"Treylon Burks","WAS","15.0","217.5","1.4","0.0","0.0","0.0","0.1","37.2"
"Kalif Raymond","CHI","19.4","187.5","0.9","4.5","26.8","0.2","0.2","36.9"
"Devontez Walker","BAL","14.5","208.5","1.5","0.0","0.0","0.0","0.2","36.6"
"Savion Williams","GB","13.1","147.2","1.1","9.0","47.1","0.3","0.2","34.1"
"Isaiah Bond","CLE","11.4","151.7","0.9","4.3","23.6","0.1","0.2","29.0"
"Jaylin Lane","WAS","12.4","159.3","1.1","0.0","0.0","0.0","0.1","28.4"
"Skyler Bell","BUF","12.1","163.6","1.0","0.0","0.0","0.0","0.1","27.9"
"Tutu Atwell","LAR","9.7","139.2","0.9","2.3","12.0","0.1","0.1","26.0"
"Olamide Zaccheaus","ATL","14.3","142.3","0.6","0.0","0.0","0.0","0.2","24.8"
"Colbie Young","CIN","10.6","131.4","1.0","0.0","0.0","0.0","0.1","24.2"
"Roman Wilson","PIT","11.8","135.0","0.6","0.0","0.0","0.0","0.1","22.9"
"Brenen Thompson","LAC","9.5","121.7","0.7","2.1","11.3","0.1","0.1","22.7"
"Isaiah Williams","NYJ","11.7","114.3","0.4","2.2","12.7","0.1","0.1","21.6"
"Elijah Sarratt","BAL","8.3","123.6","0.8","0.0","0.0","0.0","0.1","20.9"
"Odell Beckham Jr.","NYG","9.2","113.1","0.6","0.0","0.0","0.0","0.1","19.3"
"Tez Johnson","TB","6.7","77.5","0.6","4.4","23.2","0.2","0.1","18.1"
"Jimmy Horn Jr.","CAR","6.6","75.5","0.4","6.2","37.0","0.2","0.1","17.9"
"Jordan Whittington","LAR","7.5","84.7","0.6","2.3","12.1","0.1","0.1","17.6"
"Konata Mumpfield","LAR","6.6","83.7","0.8","0.0","0.0","0.0","0.1","16.1"
"Jalen Royals","KC","6.8","78.1","0.6","0.0","0.0","0.0","0.1","14.9"
"KeAndre Lambert-Smith","LAC","6.4","80.6","0.6","0.0","0.0","0.0","0.1","14.6"
"Laquon Treadwell","IND","6.9","76.0","0.4","0.0","0.0","0.0","0.1","13.3"
"Bo Melton","GB","5.0","65.1","0.4","2.2","13.0","0.1","0.1","13.2"
"Dont'e Thornton Jr.","LV","6.0","83.0","0.3","0.0","0.0","0.0","0.1","13.0"
"Barion Brown","NO","5.9","74.3","0.3","0.0","0.0","0.0","0.1","12.3"
"Tay Martin","DET","3.4","40.7","0.3","4.7","25.7","0.3","0.1","11.5"
"Malachi Corley","CLE","3.4","33.7","0.1","6.4","43.9","0.2","0.1","11.2"
"Kevin Austin Jr.","NO","5.3","64.5","0.3","0.0","0.0","0.0","0.1","10.6"
"Derius Davis","LAC","3.5","38.1","0.3","2.1","11.0","0.1","0.1","8.6"
"Dohnte Meyers","CIN","3.7","42.6","0.4","0.0","0.0","0.0","0.0","8.3"
"Xavier Smith","LAR","3.6","44.3","0.3","0.0","0.0","0.0","0.0","8.1"
"Efton Chism III","NE","3.5","42.7","0.3","0.0","0.0","0.0","0.0","7.8"
"Jacob Cowing","SF","3.3","44.1","0.3","0.0","0.0","0.0","0.0","7.7"
"Josh Cameron","JAC","3.2","39.9","0.2","0.0","0.0","0.0","0.0","7.0"
"Tai Felton","MIN","3.7","37.0","0.2","0.0","0.0","0.0","0.0","6.9"
"Jonathan Mingo","DAL","2.9","40.5","0.3","0.0","0.0","0.0","0.0","6.9"
"Darius Cooper","PHI","3.3","37.7","0.3","0.0","0.0","0.0","0.0","6.8"
"Reggie Virgil","ARI","3.4","39.2","0.1","0.0","0.0","0.0","0.0","6.4"
"Brycen Tremayne","CAR","3.3","36.0","0.2","0.0","0.0","0.0","0.0","6.1"
"Arian Smith","NYJ","0.0","0.0","0.0","4.4","23.7","0.2","0.0","3.5"
"Ben Skowronek","PIT","1.8","16.9","0.1","0.0","0.0","0.0","0.0","3.0"
"Kameron Johnson","TB","0.0","0.0","0.0","2.2","12.1","0.1","0.0","1.8"
"Kaden Wetjen","PIT","0.0","0.0","0.0","2.1","11.7","0.1","0.0","1.6"
"Gunner Olszewski","NYG","0.0","0.0","0.0","0.0","0.0","0.0","0.0","0.0"
"Devin Duvernay","ARI","0.0","0.0","0.0","0.0","0.0","0.0","0.0","0.0"
"Tylan Wallace","CLE","0.0","0.0","0.0","0.0","0.0","0.0","0.0","0.0"
"Skyy Moore","GB","0.0","0.0","0.0","0.0","0.0","0.0","0.0","0.0"
"Xavier Weaver","ARI","0.0","0.0","0.0","0.0","0.0","0.0","0.0","0.0"
"Dareke Young","LV","0.0","0.0","0.0","0.0","0.0","0.0","0.0","0.0"
"Jalen Brooks","ARI","0.0","0.0","0.0","0.0","0.0","0.0","0.0","0.0"
"Nikko Remigio","KC","0.0","0.0","0.0","0.0","0.0","0.0","0.0","0.0"
"Tyrell Shavers","BUF","0.0","0.0","0.0","0.0","0.0","0.0","0.0","0.0"
"Mason Tipton","NO","0.0","0.0","0.0","0.0","0.0","0.0","0.0","0.0"
"LaJohntay Wester","BAL","0.0","0.0","0.0","0.0","0.0","0.0","0.0","0.0"
"Ke'Shawn Williams","CIN","0.0","0.0","0.0","0.0","0.0","0.0","0.0","0.0"
"Myles Price","MIN","0.0","0.0","0.0","0.0","0.0","0.0","0.0","0.0"
""
""