"Player","Team","ATT","YDS","TDS","REC","YDS","TDS","FL","FPTS"
" ","","",""
"Jahmyr Gibbs","DET","274.8","1383.6","13.8","71.3","581.1","4.1","1.1","337.4"
"Bijan Robinson","ATL","285.2","1391.8","8.8","77.3","705.6","3.5","1.8","318.4"
"Christian McCaffrey","SF","269.7","1093.6","8.7","78.3","690.3","4.6","1.1","295.0"
"Jonathan Taylor","IND","326.9","1505.4","12.9","42.8","341.2","1.5","1.7","288.7"
"Derrick Henry","BAL","316.0","1577.2","13.4","18.1","175.0","0.7","1.7","265.8"
"De'Von Achane","MIA","238.4","1200.7","6.0","65.2","491.7","4.0","1.0","259.8"
"James Cook III","BUF","287.8","1405.7","10.3","33.3","283.5","1.9","2.4","254.1"
"Chase Brown","CIN","238.7","1037.0","7.8","63.8","427.7","4.0","1.1","246.6"
"Saquon Barkley","PHI","295.8","1298.0","8.2","41.7","330.3","2.1","1.0","243.6"
"Kenneth Walker III","KC","262.5","1192.0","8.7","45.8","352.7","1.2","0.9","234.8"
"Ashton Jeanty","LV","258.0","1040.2","7.4","56.7","400.3","3.0","1.1","232.4"
"Omarion Hampton","LAC","243.7","1034.5","9.5","50.2","342.8","1.9","1.0","229.0"
"Jeremiyah Love","ARI","237.2","1063.8","6.9","54.7","428.7","2.1","2.2","226.0"
"Breece Hall","NYJ","249.1","1114.3","6.2","46.4","404.3","2.2","1.7","222.4"
"Kyren Williams","LAR","235.5","1096.4","9.7","33.5","237.0","2.2","1.5","218.6"
"Javonte Williams","DAL","256.1","1158.7","10.4","33.0","191.9","1.2","1.6","217.5"
"Travis Etienne Jr.","NO","253.2","1070.3","5.4","45.4","358.1","3.0","1.0","214.1"
"Cam Skattebo","NYG","237.4","988.9","7.9","43.9","343.2","2.2","1.6","212.6"
"D'Andre Swift","CHI","232.5","1049.7","8.0","35.2","303.8","1.0","1.0","205.5"
"Quinshon Judkins","CLE","289.8","1106.7","8.1","33.0","223.5","0.6","0.9","199.9"
"Bucky Irving","TB","252.4","1004.4","5.8","39.6","333.0","2.2","1.0","199.7"
"Bhayshul Tuten","JAC","239.4","979.9","8.2","29.2","222.2","2.1","2.2","192.8"
"David Montgomery","HOU","235.7","977.8","7.8","30.9","227.7","0.5","1.5","182.8"
"Jadarian Price","SEA","215.5","912.9","7.6","26.0","219.8","1.1","2.0","174.6"
"TreVeyon Henderson","NE","185.8","852.9","6.9","35.2","244.3","1.2","0.8","174.0"
"Rhamondre Stevenson","NE","168.6","723.6","6.9","39.5","334.8","1.7","2.1","173.2"
"Jaylen Warren","PIT","189.8","833.7","4.9","42.4","322.0","1.5","1.0","172.9"
"Tony Pollard","TEN","236.1","1033.6","5.5","31.9","208.1","0.5","2.1","171.7"
"J.K. Dobbins","DEN","219.6","1026.8","6.9","19.5","104.4","0.6","0.7","166.2"
"Rico Dowdle","PIT","201.4","876.3","5.9","31.7","222.2","1.0","1.0","165.1"
"Chuba Hubbard","CAR","180.0","736.6","5.0","36.0","256.2","1.8","0.9","156.2"
"Jonathon Brooks","CAR","191.6","791.9","5.2","30.9","235.9","1.1","1.5","153.2"
"Kenny Gainwell","TB","116.6","512.1","4.2","49.7","351.9","2.0","0.9","146.7"
"Kyle Monangai","CHI","190.4","814.1","5.1","23.0","195.2","0.4","0.7","144.4"
"Josh Jacobs","GB","175.3","707.2","6.8","21.8","174.1","1.1","1.1","144.1"
"Rachaad White","WAS","137.0","605.2","5.4","35.8","247.8","1.6","0.8","143.3"
"Aaron Jones Sr.","MIN","150.0","639.4","3.1","40.8","300.9","1.7","1.0","141.1"
"Jacory Croskey-Merritt","WAS","185.1","831.0","7.5","12.3","91.3","0.2","1.8","141.1"
"MarShawn Lloyd","GB","180.4","762.2","6.2","19.9","154.7","1.0","1.8","141.1"
"RJ Harvey","DEN","107.6","405.8","4.0","45.9","341.2","3.2","0.7","139.1"
"Jordan Mason","MIN","192.8","879.9","6.2","14.5","75.8","0.1","1.1","138.4"
"Blake Corum","LAR","172.0","823.2","6.4","11.9","80.6","0.2","0.7","134.8"
"Tyjae Spears","TEN","94.8","379.4","3.0","45.8","306.0","1.2","0.7","115.1"
"Woody Marks","HOU","145.5","567.3","2.7","24.1","196.6","1.8","0.8","113.6"
"Zach Charbonnet","SEA","125.9","514.1","5.3","18.4","136.3","0.5","0.7","107.6"
"Isiah Pacheco","DET","136.7","579.4","3.4","19.5","120.7","0.8","0.7","103.4"
"Alvin Kamara","NO","114.0","439.9","2.4","31.9","223.7","1.0","0.8","100.7"
"Justice Hill","BAL","61.3","296.4","2.3","32.7","283.1","1.8","0.2","98.7"
"Chris Rodriguez Jr.","JAC","135.5","560.9","5.1","5.4","42.8","0.1","0.6","92.9"
"Dylan Sampson","CLE","74.2","257.0","1.4","37.9","291.4","2.1","1.2","92.0"
"Mike Washington Jr.","LV","126.0","487.1","3.1","17.7","143.0","0.6","1.2","92.0"
"AJ Dillon","CAR","121.0","531.0","3.0","18.0","146.0","1.0","5.0","90.7"
"Braelon Allen","NYJ","111.8","449.4","4.5","13.9","100.7","0.7","1.7","89.7"
"Samaje Perine","CIN","98.4","441.8","3.7","17.9","135.2","0.4","1.9","87.1"
"Tyler Allgeier","ARI","111.7","421.6","4.2","17.0","110.8","0.2","0.6","86.6"
"Kaelon Black","SF","113.6","452.1","3.6","10.6","94.2","0.7","1.2","83.2"
"Ty Johnson","BUF","51.9","222.5","2.1","22.8","244.1","2.2","0.2","83.0"
"Malik Davis","DAL","104.2","479.4","3.5","10.7","82.3","0.2","0.7","82.5"
"Brian Robinson Jr.","ATL","120.2","517.1","3.9","7.3","46.7","0.1","0.7","82.5"
"Tank Bigsby","PHI","104.6","510.7","4.2","3.8","31.8","0.1","0.7","80.2"
"Keaton Mitchell","LAC","95.6","432.3","2.2","15.5","114.5","0.4","0.7","76.6"
"Tyrone Tracy Jr.","NYG","82.9","352.0","1.5","19.6","147.3","0.8","0.6","72.3"
"Najee Harris","NYG","93.6","392.3","2.6","11.1","75.5","0.2","0.2","69.0"
"Jordan James","SF","80.7","322.0","2.5","14.0","131.5","0.6","1.1","68.7"
"Chris Brooks","GB","80.9","360.0","1.7","14.3","100.8","0.3","0.6","63.9"
"Kimani Vidal","LAC","60.2","234.2","1.6","11.9","104.0","0.7","0.1","53.0"
"Brashard Smith","KC","46.1","176.9","1.1","18.7","131.7","1.0","0.1","52.5"
"Jaylen Wright","MIA","82.1","318.2","1.6","7.2","52.6","0.1","1.3","48.3"
"Emanuel Wilson","SEA","70.2","290.0","1.7","7.7","52.1","0.0","0.5","47.4"
"Jonah Coleman","DEN","48.7","203.0","1.6","10.2","74.8","0.4","0.2","44.2"
"Kyle Juszczyk","SF","4.2","10.3","0.1","23.7","207.3","1.5","0.1","42.7"
"James Conner","ARI","32.5","113.0","1.0","14.0","106.0","1.0","0.0","40.9"
"Isaiah Davis","NYJ","35.1","174.9","1.2","9.9","78.6","0.2","0.1","38.5"
"George Holani","SEA","38.9","164.2","1.5","8.0","62.2","0.3","0.2","37.1"
"LeQuint Allen Jr.","JAC","32.0","126.0","0.6","15.3","99.2","0.4","0.1","36.2"
"Emmett Johnson","KC","46.0","191.9","1.5","5.7","41.2","0.2","0.1","35.9"
"Adam Randall","BAL","31.0","169.5","1.0","6.5","70.5","0.5","0.5","35.3"
"Roschon Johnson","CHI","34.0","116.0","3.0","3.0","18.0","0.0","0.0","32.9"
"Ray Davis","BUF","32.3","138.3","1.1","7.8","60.0","0.4","0.2","32.1"
"Ollie Gordon II","MIA","47.3","195.1","1.2","3.9","27.9","0.1","0.2","31.8"
"Sean Tucker","TB","39.3","163.6","2.2","1.5","10.2","0.0","0.1","31.4"
"Seth McGowan","IND","32.7","139.6","1.5","5.3","42.2","0.2","0.1","30.8"
"Corey Kiner","NE","34.0","150.0","1.0","2.0","20.0","0.0","0.0","24.0"
"Jeremy McNichols","WAS","17.0","88.0","1.0","7.0","53.0","0.0","0.0","23.6"
"Salvon Ahmed","CHI","35.0","153.0","1.0","1.0","12.0","0.0","0.0","23.0"
"Kendre Miller","NO","29.4","119.9","1.3","2.5","16.3","0.0","0.0","22.6"
"Israel Abanikanda","DAL","32.0","146.0","1.0","1.0","14.0","0.0","0.0","22.5"
"Audric Estime","NO","30.0","122.0","1.0","3.0","24.0","0.0","0.0","22.1"
"Jacob Saylors","DET","23.2","100.7","1.0","4.2","30.1","0.2","0.1","22.0"
"Will Shipley","PHI","9.2","39.5","0.3","11.3","83.4","0.4","0.1","21.9"
"Hunter Luepke","DAL","13.4","56.4","0.4","8.6","61.5","0.4","0.1","20.7"
"Kaytron Allen","WAS","23.6","110.8","0.7","3.0","25.7","0.1","0.0","20.0"
"Demond Claiborne","MIN","21.6","96.2","0.7","3.3","25.2","0.1","0.0","18.5"
"Tahj Brooks","CIN","30.3","128.1","0.9","0.0","0.0","0.0","0.1","18.2"
"Nicholas Singleton","TEN","20.3","83.6","0.6","4.3","30.1","0.2","0.1","17.6"
"Jerome Ford","WAS","17.5","97.0","0.5","4.0","23.0","0.0","0.0","17.0"
"Rasheen Ali","BAL","14.6","62.0","0.4","3.5","28.4","0.2","0.1","14.2"
"Michael Burton","CLE","6.6","13.8","0.6","5.1","33.3","0.6","0.0","14.0"
"DJ Giddens","IND","12.5","52.8","0.4","4.2","28.9","0.2","0.1","13.4"
"Andrew Beck","NYJ","0.5","4.0","0.0","4.6","31.8","1.1","0.0","12.5"
"Alec Ingold","LAC","2.1","8.6","0.1","7.9","58.7","0.2","0.1","12.4"
"Adam Prentice","DEN","4.1","17.4","0.1","4.1","29.8","0.2","0.0","8.4"
"Connor Heyward","LV","4.2","17.4","0.1","4.0","29.0","0.2","0.0","8.2"
"Max Bredeson","MIN","2.0","8.5","0.1","4.5","29.5","0.2","0.0","7.4"
"Riley Nowakowski","PIT","0.0","0.0","0.0","4.3","29.2","0.2","0.0","6.0"
"Reggie Gilliam","NE","0.0","0.0","0.0","4.1","29.9","0.2","0.0","5.9"
"Patrick Ricard","NYG","0.0","0.0","0.0","3.9","26.8","0.1","0.0","5.4"
"Kaleb Johnson","GB","5.3","22.7","0.2","0.9","6.7","0.0","0.0","4.8"
"British Brooks","HOU","4.2","18.0","0.1","0.0","0.0","0.0","0.0","2.4"
"Devin Singletary","NYG","0.0","0.0","0.0","0.0","0.0","0.0","0.0","0.0"
"DeeJay Dallas","JAC","0.0","0.0","0.0","0.0","0.0","0.0","0.0","0.0"
"Kene Nwangwu","NYJ","0.0","0.0","0.0","0.0","0.0","0.0","0.0","0.0"
"Devin Neal","NO","0.0","0.0","0.0","0.0","0.0","0.0","0.0","0.0"
"Tyler Badie","DEN","0.0","0.0","0.0","0.0","0.0","0.0","0.0","0.0"
"Bam Knight","ARI","0.0","0.0","0.0","0.0","0.0","0.0","0.0","0.0"
"Trey Benson","ARI","0.0","0.0","0.0","0.0","0.0","0.0","0.0","0.0"
"Trevor Etienne","CAR","0.0","0.0","0.0","0.0","0.0","0.0","0.0","0.0"
"Dylan Laube","LV","0.0","0.0","0.0","0.0","0.0","0.0","0.0","0.0"
"Sione Vaki","DET","0.0","0.0","0.0","0.0","0.0","0.0","0.0","0.0"
"Isaac Guerendo","SF","0.0","0.0","0.0","0.0","0.0","0.0","0.0","0.0"
"Chris Collier","LV","0.0","0.0","0.0","0.0","0.0","0.0","0.0","0.0"
""
""